"115","天津市北方化学试剂玻璃仪器采购销售中心"
"116","天津市北方化学试剂玻璃仪器采购销售中心"
"16","客户演示"
"203","天津盛名投资集团有限公司"
"305","融商科技"
"445","融商科技"
"666","信海方舟"
"751","融商科技"
"858","天津雀巢天然矿泉水有限公司"
"595","融商科技-赵立"
"646","融创置地（天津）商业运营管理有限公司    "
"1521","天津市邮政速递物流有限公司"
"2345","河北权限"
"2346","河东权限"
"2347","和平权限"
"2348","河西权限"
"2349","红桥权限"
"2350","南开权限"
"2463","北辰管理员权限"
"2464","西青管理员权限"
"2465","东丽分公司权限"
"2466","静海管理员权限"
"2467","塘沽管理员权限"
"2468","大港管理员权限"
"2469","蓟县分公司权限"
"2470","宝坻分公司权限"
"2471","津南分公司权限"
"2472","宁河管理员权限"
"2473","汉沽管理员权限"
"2474","武清管理员权限"
"1465","融商--盖泽海"
"1230","中钢国际货运天津有限公司"
"2170","天津市正大起重机械有限公司"
"2449","天津蓝巢电力检修有限公司"
"3200","考勤查看权限"
"3201","考勤查看权限"
"3202","18722371641权限"
"2103","中国银行股份有限公司天津滨海分行"
"2844","解放路支行考勤管理员权限"
"3482","河北路支行权限"
"2583","天津市晓波房地产物业管理有限公司"
"2712","杨静权限"
"2762","李莹权限"
"2763","赵兰权限"
"2764","于楠权限"
"1262","天津阳光力天建筑装饰有限公司"
"1094","融商-尹进"
"12","AUTH_CHINARK"
"2757","北京远洋基业物业管理有限公司"
"2766","天津公司人力权限"
"3657","天津融商科技有限公司"
"2437","融商李超"
"3131","天津银行汉沽支行"
"4007","天津融商-周明阳"
"4987","北京科住物业"
"5224","北京科住物业管理员权限"
"5225","北京科住物业管理员权限"
"4974","天津城通工程管理有限公司"
"2586","天津国商物业发展有限公司"
"5426","天津国商物业管理员gswy1权限"
"5427","天津国商物业管理员gswy2权限"
"5252","新疆代理账户"
"5953","测试账户"
"6409","许福爽"
"6408","天津融商科技"
"2260","康远国际"
